step,time,similarity,accuracy,latency,stability,layers,connections,attention_heads,graph_nodes,graph_edges,persistence,betti_1,concept,noise_level
0,1763620439.7704785,0.9124116369317464,0.8514599181197133,32.212989403209,1.0,5,100,7,0,0,0.0,0,gato doméstico,0.03743029303815522
1,1763620439.87578,0.9064469683571862,0.8412414228300533,31.718210121218068,1.0,5,100,7,1,1,0.0012077695078403425,1,gato doméstico,0.04446799999600934
2,1763620439.9820008,0.9102795867982287,0.8809699698283525,29.33396223873828,0.9993964797027859,5,100,8,1,1,0.000987002410564185,2,gato doméstico,0.023268525781348175
3,1763620440.1068702,0.9128189158298546,0.8777102047774882,31.63965318827125,0.9994751704103976,5,100,8,1,1,0.0008470375287751917,3,gato doméstico,0.03305993037435218
4,1763620440.2242754,0.9126170951760318,0.894204306346479,33.220180231363244,0.9995427153963257,5,100,8,1,1,0.00071383559589706,4,gato doméstico,0.049275725150101105
5,1763620440.3399894,0.9135483120619426,0.8662142984355605,35.15667776700392,0.9995905481794701,5,100,8,1,1,0.0006284577081930172,5,gato doméstico,0.03920816906312009
6,1763620440.4495437,0.9101487099169149,0.9242033384638604,33.55768021879737,0.9996234277676931,5,100,9,1,1,0.0005656567454779369,6,gato doméstico,0.06377694551738132
7,1763620440.5578675,0.9099096295580624,0.9545201599082527,30.477997457628195,0.9996466070165675,4,100,9,1,1,0.000510597937306986,7,gato doméstico,0.033348177717240475
8,1763620440.6732252,0.9110903458846931,0.96,30.96222761246246,0.9996631020845576,4,100,9,1,1,0.0005150589029048608,7,gato doméstico,0.03116076261545902
9,1763620440.7874067,0.9107651251067378,0.96,29.928177444299145,0.9996780359970332,4,100,9,1,1,0.0005343102945510828,7,gato doméstico,0.04025171281961186
10,1763620440.9021013,0.9096018373669618,0.96,33.29892948426099,0.999692089844959,4,100,9,1,1,0.0005142809561106702,7,gato doméstico,0.05364775073581993
11,1763620441.0164874,0.9125241357004983,0.96,32.78417873837485,0.9997037990845983,4,100,9,1,1,0.0005479145562238968,7,gato doméstico,0.059103074939234376
12,1763620441.1290736,0.9147631204119326,0.9428114895045614,32.028949388841355,0.9997153024548902,5,100,9,1,1,0.0005325886979796674,7,gato doméstico,0.03702678395569478
13,1763620441.2342083,0.9119695346902672,0.96,27.460368522049077,0.9997252154262313,4,100,9,1,1,0.000520500294025652,7,gato doméstico,0.03717050683204483
14,1763620441.3453352,0.9143126560494758,0.9358829834550266,28.302860280818965,0.9997338859392926,5,100,9,1,1,0.0004991288096993698,7,gato doméstico,0.04636538882531869
15,1763620441.4624796,0.9115508548914244,0.9509437533184458,27.947292625707245,0.9997412587173995,4,100,9,1,1,0.0005019426690674787,7,gato doméstico,0.043710648081700484
16,1763620441.5700092,0.9133906879980848,0.96,30.753558395536647,0.999748155009415,4,100,9,1,1,0.0005199184686202306,7,gato doméstico,0.0388127369918294
17,1763620441.6765013,0.9052246159071506,0.96,33.21413279761248,0.999754917890543,4,100,9,1,1,0.0005460513312104441,7,gato doméstico,0.05282659415893072
18,1763620441.789473,0.9114688321397386,0.9219411509961646,32.218225258321425,0.9997615377902924,5,100,9,1,1,0.0005320145265809847,7,gato doméstico,0.04240260684186271
19,1763620441.904021,0.9136167346970128,0.96,30.853075598002373,0.9997674843681811,4,100,9,1,1,0.0005130400981235024,7,gato doméstico,0.07404461697388082
20,1763620442.012164,0.9154360725433032,0.9357705189128325,32.867247574554455,0.9997727390796903,5,100,9,1,1,0.0005069415591397163,7,gato doméstico,0.0745860467087838
21,1763620442.1248698,0.9176536113930517,0.9505514105517723,32.6026107748939,0.9997775632898998,4,100,9,1,1,0.0005049708198194559,7,gato doméstico,0.07593406977498485
22,1763620442.2314894,0.9091563626251628,0.96,27.24647782948867,0.9997820690308922,4,100,9,1,1,0.0005389216562241017,7,gato doméstico,0.04053569020873264
23,1763620442.3442724,0.9124357471559875,0.9148737036265455,33.86089922760542,0.9997866978013541,5,100,9,1,1,0.0005072259646528672,7,gato doméstico,0.06819166701119236
24,1763620442.4586957,0.9078230228062928,0.96,29.78976137972064,0.9997907134098162,4,100,9,1,1,0.0005218864447728234,7,gato doméstico,0.07316849162510024
25,1763620442.5651178,0.9098409536325014,0.9546260820814888,35.86025422173249,0.9997946791787513,4,100,9,1,1,0.0005190875796739928,7,gato doméstico,0.04442800855187738
26,1763620442.6712728,0.9143661029819197,0.9480276158523898,31.663069864047216,0.9997984020921985,5,100,9,1,1,0.0005345185591537438,7,gato doméstico,0.06540375257889353
27,1763620442.7849693,0.9121564131423714,0.946313438064616,30.298462064562862,0.9998020524811417,5,100,9,1,1,0.0005206039253812952,7,gato doméstico,0.061339541398084174
28,1763620442.8988805,0.9154002254930663,0.9263939236916306,27.906543387687762,0.9998054090144068,5,100,9,1,1,0.0005193073227994156,7,gato doméstico,0.0756006748928428
29,1763620443.0057228,0.9136965895270664,0.958113995303371,35.691446902983785,0.9998085904568839,4,100,9,1,1,0.0005488290897912042,7,gato doméstico,0.05060223504982588
30,1763620443.1202765,0.9123783558449344,0.8712172922514694,32.25098258205929,0.9998117821686834,5,100,9,2,2,0.0008109101624841202,8,perro guardián,0.05938992641657629
31,1763620443.2368727,0.9139589961150616,0.9064520300818563,31.13788638799848,0.9998098282376531,5,100,9,2,3,0.0009164533777643095,9,perro guardián,0.05000751426135105
32,1763620443.345077,0.9130981962078835,0.9050518374721883,39.17275741970572,0.9998035325709683,5,100,9,2,3,0.000921228631611868,10,perro guardián,0.06023808499499246
33,1763620443.4603753,0.9117457118286394,0.9109573852646748,29.494246764497746,0.9997980829240145,5,100,9,2,3,0.0009170464965511057,11,perro guardián,0.06577289333255923
34,1763620443.5685523,0.9133706601778527,0.9157742447290255,32.00192248671309,0.9997937342471903,5,100,9,2,3,0.0009324502864946221,12,perro guardián,0.07323152059320023
35,1763620443.6867447,0.9160141198959995,0.9108153043569869,30.146796804586113,0.9997894567824959,5,100,9,2,3,0.0008873767038285126,13,perro guardián,0.055281878413023025
36,1763620443.7965891,0.9131048009639681,0.9099023274236845,30.576872000563778,0.9997875662103568,5,100,9,2,3,0.0008688914369108325,14,perro guardián,0.07593019180337758
37,1763620443.9044154,0.9142327165350205,0.9546609837798357,32.02389296386578,0.9997866279640231,4,100,9,2,3,0.0008438423552826386,15,perro guardián,0.07421712271821693
38,1763620444.0125806,0.9116870009527908,0.9372743617565159,34.33651419967626,0.9997866237796996,5,100,9,2,3,0.0008418993236481208,15,perro guardián,0.06542740637716346
39,1763620444.1230426,0.9138642600083892,0.9575903197490933,33.69373644212086,0.9997868080443226,4,100,9,2,3,0.000887310165700488,15,perro guardián,0.08276619302892754
40,1763620444.2346292,0.9142146136782769,0.9459420231290742,34.75285047561235,0.9997859359685424,5,100,9,2,3,0.0009512023926001273,15,perro guardián,0.06804161751977421
41,1763620444.3432558,0.9119599763659827,0.9245465109115745,37.190929373597115,0.9997833426121696,5,100,9,2,3,0.0009324646939819824,15,perro guardián,0.08937422094110756
42,1763620444.4529345,0.910087249917364,0.9340834420686099,34.116326286761854,0.999781715294229,5,100,9,2,3,0.0009152832683656446,15,perro guardián,0.06363793712639598
43,1763620444.5627465,0.9117461789659943,0.9463978200317705,33.12625054695002,0.9997808347432886,5,100,9,2,3,0.0009770157228849087,15,perro guardián,0.07878950430176812
44,1763620444.676013,0.9151728125906452,0.9152845738158728,33.08910643555291,0.9997784016392474,5,100,9,2,3,0.0010010864882049508,15,perro guardián,0.07298127257571803
45,1763620444.7925158,0.9072549961458525,0.9457448722344729,33.788743242195714,0.9997755716093426,5,100,9,2,3,0.0009233226442009661,15,perro guardián,0.0713351679969568
46,1763620444.9077573,0.9120665107712599,0.9286446809720906,36.65457671611082,0.9997751890435667,5,100,9,2,3,0.0008805817698650899,15,perro guardián,0.06163642390636469
47,1763620445.0161972,0.9126085968913041,0.9462517443341951,33.280729153165275,0.9997758015269271,5,100,9,2,3,0.00085959915036951,15,perro guardián,0.07301072182324189
48,1763620445.1270397,0.9171550877848705,0.9478213947933143,35.278949842467114,0.9997768104772199,5,100,9,2,3,0.0008608036877235977,15,perro guardián,0.07685044196105884
49,1763620445.2427607,0.9159616418513323,0.9422517541605244,31.253124249006103,0.9997778179460174,5,100,9,2,3,0.0009256018852609722,15,perro guardián,0.08626499417246587
50,1763620445.350675,0.9161463120195222,0.9496563241721387,31.008099602136383,0.9997777090637756,5,100,9,2,3,0.0009500868993100169,15,perro guardián,0.09654871150830499
51,1763620445.8636475,0.9073587439157592,0.9521034410532989,32.0930579063745,0.9997771919257203,4,100,9,2,3,0.000901587494104356,15,perro guardián,0.07930190625033631
52,1763620445.969665,0.916131158547039,0.9089023070561494,32.94179778604393,0.9997777026593407,5,100,9,2,3,0.0009183843575920057,15,perro guardián,0.0705507702547727
53,1763620446.0765774,0.9114757952854159,0.9442604322249541,36.53513799709328,0.9997779743902554,5,100,9,2,3,0.0009213585067823222,15,perro guardián,0.07891811386081356
54,1763620446.1829267,0.9081737815206572,0.951699239427207,33.2182493952263,0.9997782524603236,4,100,9,2,3,0.0009155318052118222,15,perro guardián,0.0930240993129921
55,1763620446.2890174,0.9166779312348484,0.9451583193924301,36.66163001754145,0.9997786790752794,5,100,9,2,3,0.0009082977958565508,15,perro guardián,0.0967578261775533
56,1763620446.4029057,0.9101811921392565,0.9560436303801786,34.52010443974815,0.9997792571847657,4,100,9,2,3,0.0008729202793693325,15,perro guardián,0.09976433038748486
57,1763620446.5111275,0.9172369502269909,0.9315017294886355,32.34237729425018,0.9997803273314061,5,100,9,2,3,0.0009088326993432996,15,perro guardián,0.08673186553105425
58,1763620446.6174147,0.9081962081468972,0.9402353937919388,34.06321065948644,0.99978093806829,5,100,9,2,3,0.0008388180180433131,15,perro guardián,0.07552931159783656
59,1763620446.7259479,0.9146085018244136,0.9314289822175847,33.14572622453224,0.9997823444260927,5,100,9,2,3,0.0008440577418830764,15,perro guardián,0.07514916382522155
60,1763620446.8343568,0.9144574187524936,0.8838299643333795,34.57339154856638,0.9997836840036068,5,100,9,3,5,0.000813757439668288,16,pájaro cantor,0.0930586695665584
61,1763620446.9409719,0.9178349392856283,0.9143028688922549,37.07986964772993,0.9997852206135049,5,100,9,3,6,0.0007935329186051667,17,pájaro cantor,0.09894170199426269
62,1763620447.0492573,0.9152112434762474,0.8662551450976272,36.710124581173474,0.9997868299169596,5,100,9,3,6,0.0007804340772484121,18,pájaro cantor,0.09817267193096574
63,1763620447.1567786,0.914963004042995,0.8994306675465009,34.672459212492434,0.9997884536355967,5,100,9,3,6,0.000756390170050793,19,pájaro cantor,0.09400692603021854
64,1763620447.265082,0.9100563091413697,0.9295634912314661,33.82349475143043,0.9997900975918192,5,100,9,3,6,0.0007241471034048566,20,pájaro cantor,0.10398100624496626
65,1763620447.3778236,0.9126962681192867,0.9358566075354722,35.95989906633449,0.9997917125763698,5,100,9,3,6,0.0007022676745012981,21,pájaro cantor,0.09933644057448093
66,1763620447.489911,0.9160890438157029,0.9369422388501459,30.515142979346262,0.9997932543406851,5,100,9,3,6,0.0006953413447694953,22,pájaro cantor,0.09260485586308013
67,1763620447.6046917,0.9104543109430194,0.96,34.17863597009669,0.9997947440424954,4,100,9,3,6,0.0006794402453637042,23,pájaro cantor,0.10349987540741293
68,1763620447.720902,0.9073992085891467,0.96,37.78223069645673,0.9997961480323815,4,100,9,3,6,0.0006802466263694057,23,pájaro cantor,0.09795530107283983
69,1763620447.834894,0.9104711737917676,0.9423850932131378,37.907015187565534,0.99979752692755,5,100,9,3,6,0.0006871805730271838,23,pájaro cantor,0.09529077875424598
70,1763620447.9495904,0.915227408595305,0.96,33.65432959103175,0.9997989026253454,4,100,9,3,6,0.0006921635115702344,23,pájaro cantor,0.08141216132141234
71,1763620448.0746439,0.914844681877789,0.9168997618534481,34.12684629644437,0.9998002657460885,5,100,9,3,6,0.0006896601589088912,23,pájaro cantor,0.08680482017972878
72,1763620448.1864674,0.9123305595947867,0.9277200853731569,31.62650324814133,0.9998015944191556,5,100,9,3,6,0.0006897567654902471,23,pájaro cantor,0.08700033642284484
73,1763620448.2942772,0.9086423775554241,0.9552661350719798,29.67021550216573,0.9998028972772732,4,100,9,3,6,0.0006879940606782881,23,pájaro cantor,0.07739757267159912
74,1763620448.4107156,0.910706991184211,0.9229779674788311,35.27415666760338,0.9998041697945886,5,100,9,3,6,0.0006816562833040597,23,pájaro cantor,0.07917620752484131
75,1763620448.5239096,0.9127463312495453,0.9530383909316591,30.947917584491712,0.999805398445746,4,100,9,3,6,0.0006700872879781081,23,pájaro cantor,0.08276547774344001
76,1763620448.6422815,0.9144431580110771,0.9321288460484546,38.34545533827552,0.999806562394244,5,100,9,3,6,0.0006707915077173295,23,pájaro cantor,0.10155712185466309
77,1763620448.7502625,0.9156700806253143,0.9560240152646386,30.25582829757751,0.9998077087450542,4,100,9,3,6,0.0006925830135777924,23,pájaro cantor,0.11062744780605788
78,1763620448.8718953,0.9142615725900667,0.9553403111154251,35.37080238734768,0.9998089026077653,4,100,9,3,6,0.0006798670898707192,23,pájaro cantor,0.1045100549367203
79,1763620448.9873407,0.9098984851861598,0.9358473861031755,35.44138811235735,0.9998100396397032,5,100,9,3,6,0.0007005659569068851,23,pájaro cantor,0.10067888206658414
80,1763620449.103482,0.9139886086420893,0.9287653488676803,32.673460104030454,0.9998112069537863,5,100,9,3,6,0.0006984951050941659,23,pájaro cantor,0.07870159322788793
81,1763620449.2154293,0.9201920758041546,0.9555930182273052,33.70119812899095,0.9998123493224601,4,100,9,3,6,0.0007055370485237804,23,pájaro cantor,0.07869590920803207
82,1763620449.3284323,0.9161539158146189,0.9031415117866721,35.484400460122636,0.9998134824196325,5,100,9,3,6,0.0006993832298755934,23,pájaro cantor,0.09643218566196077
83,1763620449.440737,0.9210479810840936,0.9318646051843859,30.947665782888603,0.9998145857824358,5,100,9,3,6,0.0007019106864849808,23,pájaro cantor,0.09921567266257666
84,1763620449.5546107,0.9121198852448155,0.9222671401762336,32.24493860523029,0.9998156739035481,5,100,9,3,6,0.0006944856821364595,23,pájaro cantor,0.09722272004565524
85,1763620449.6702569,0.9165890658690193,0.9147960637382955,36.90077967858413,0.9998167301031463,5,100,9,3,6,0.0006987445119318287,23,pájaro cantor,0.0903288724638373
86,1763620449.780664,0.914634170697191,0.9502552119573398,33.589364959728066,0.9998177761058548,4,100,9,3,6,0.0006962711148771136,23,pájaro cantor,0.09987150583240391
87,1763620449.898133,0.9156707483680173,0.9347016955762235,32.878457298942735,0.9998188001303987,5,100,9,3,6,0.0006939897399149802,23,pájaro cantor,0.1119840803318423
88,1763620450.0120735,0.91676734824432,0.9484100821550572,34.10677340119497,0.99981980288061,5,100,9,3,6,0.0007179609029399221,23,pájaro cantor,0.10808686621309851
89,1763620450.1245544,0.9136771742307671,0.96,30.272295108785325,0.9998208166029283,4,100,9,3,6,0.0007052348209334477,23,pájaro cantor,0.1121287416123986
90,1763620450.235605,0.9100348822603266,0.8958700247905107,33.05878288795495,0.9998218033945857,5,100,9,4,9,0.0006862371524629884,24,pez tropical,0.0835250694232543
91,1763620450.350494,0.9129532366384338,0.8458449676161539,36.66303962659393,0.9998227409798659,5,100,9,4,10,0.0006832142129576461,25,pez tropical,0.11936803693744329
92,1763620450.4640062,0.9114584940490228,0.9035939203512708,32.45473126895538,0.9998236567754359,5,100,9,4,10,0.0006635378227404762,26,pez tropical,0.09711378559184845
93,1763620450.580296,0.9126923330046334,0.9444854564312123,34.795189103424796,0.9998244990667875,5,100,9,4,10,0.0006523586436322773,27,pez tropical,0.08957310290179452
94,1763620450.6966076,0.9137560164413802,0.916330182962244,36.38867621417374,0.9998252861025739,5,100,9,4,10,0.0006438538569191091,28,pez tropical,0.09381713883953534
95,1763620450.8175955,0.9108289456296333,0.9248772567258222,37.89197796878487,0.999826025573742,5,100,9,4,10,0.00063262160213295,29,pez tropical,0.1223981331038519
96,1763620450.9349759,0.913243550401737,0.96,34.44396248013626,0.9998267011431122,4,100,9,4,10,0.0006217789757976481,30,pez tropical,0.08840251790578683
97,1763620451.0494468,0.9150584658983418,0.9574227745043989,35.8031400459824,0.9998273105812898,4,100,9,4,10,0.000620047803579393,31,pez tropical,0.12259785327436873
98,1763620451.1710644,0.9085174310905587,0.9376636357521291,29.553197318368035,0.9998279054930438,5,100,9,4,10,0.0006182873752427218,31,pez tropical,0.12364946367477314
99,1763620451.286324,0.9122888935775072,0.9327826186987306,36.31692833434618,0.9998284860164196,5,100,9,4,10,0.0006151065157640224,31,pez tropical,0.12668191247458
100,1763620451.403179,0.9109356300658594,0.95875814048622,32.38365417904353,0.9998290441224809,4,100,9,4,10,0.0006079253029257527,31,pez tropical,0.10692756853816658
101,1763620451.8775492,0.9073676099517959,0.9301064132760761,38.867610405895256,0.9998295556951332,5,100,9,4,10,0.0006116752500429474,31,pez tropical,0.11395305233727222
102,1763620451.9969552,0.912842277798501,0.9309035718817241,34.347995858837656,0.9998300878165309,5,100,9,4,10,0.0006053909145285045,31,pez tropical,0.11866041780826789
103,1763620452.106972,0.9092523010935877,0.96,36.95567053212062,0.9998305795077982,4,100,9,4,10,0.0006061196322232783,31,pez tropical,0.09322633312648018
104,1763620452.2234678,0.909438980249566,0.9306834312294457,34.44054608907291,0.9998310739285731,5,100,9,4,10,0.0006034391645900476,31,pez tropical,0.11879491198327295
105,1763620452.3330524,0.9100012226100068,0.9326263802943981,35.3454186736545,0.9998315503501887,5,100,9,4,10,0.0005951331282993129,31,pez tropical,0.12015491489078271
106,1763620452.444809,0.909721471916965,0.96,38.85889555917473,0.9998319737267993,4,100,9,4,10,0.0005949315024072722,31,pez tropical,0.11298881744704771
107,1763620452.5629816,0.904682313975734,0.911773903032095,32.29003944077806,0.999832395867653,5,100,9,4,10,0.0005938034953563043,31,pez tropical,0.09731097521660415
108,1763620452.6736143,0.9121672281708525,0.9427026485063629,34.82823327761816,0.9998328108539938,5,100,9,4,10,0.0006099674222475456,31,pez tropical,0.10672967360801879
109,1763620452.7875257,0.9093843093452375,0.92124086158466,34.059150350425774,0.9998333190161109,5,100,9,4,10,0.0006200658904213503,31,pez tropical,0.09796826534890843
110,1763620452.898789,0.9117077110185671,0.9270322460651451,30.32218315887415,0.9998338743697115,5,100,9,4,10,0.0006248089780255359,31,pez tropical,0.1274651332575395
111,1763620453.0108707,0.9066712120999535,0.9104037903292309,34.44137327129856,0.9998344465404235,5,100,9,4,10,0.0006263381587100963,31,pez tropical,0.12986756515278
112,1763620453.1264772,0.9077785566869326,0.9335920784694437,35.23504221994806,0.9998350201127628,5,100,9,4,10,0.0006138967778651039,31,pez tropical,0.11833932755065872
113,1763620453.2366705,0.9071635097737653,0.9294455917068367,40.71470821011884,0.9998355324140717,5,100,9,4,10,0.0006226890510394107,31,pez tropical,0.09829765410195215
114,1763620453.3514073,0.9123490745591513,0.9537596097005372,39.82071537130843,0.9998360809407101,4,100,9,4,10,0.0006200037581137576,31,pez tropical,0.10314700167921251
115,1763620453.4650831,0.9046574578625836,0.9382067547981399,36.70614283841032,0.999836613167025,5,100,9,4,10,0.0006115508094573993,31,pez tropical,0.11450585313737704
116,1763620453.5844584,0.9076556698158154,0.9202646588984918,32.327980604867236,0.9998371026642449,5,100,9,4,10,0.0006111580820328346,31,pez tropical,0.12683155466321225
117,1763620453.7021065,0.9107482446074977,0.9398150237065628,34.78551393700232,0.9998375870573962,5,100,9,4,10,0.0006084973208368565,31,pez tropical,0.11470418180066867
118,1763620453.8208654,0.9178482174757873,0.9569653508454601,34.386198034139994,0.9998380556945369,4,100,9,4,10,0.0006190447135895595,31,pez tropical,0.1175370816530343
119,1763620453.9400902,0.916415424868161,0.9357346355213462,39.078817587126956,0.9998385683785387,5,100,9,4,10,0.0006195524024411585,31,pez tropical,0.09829195270651693
120,1763620454.053382,0.9099048256888702,0.8966888564048071,35.057848822485816,0.9998390789979718,5,100,9,5,14,0.0005996235833032453,32,ciudad moderna,0.12452896478077251
121,1763620454.1695404,0.9139406777308939,0.9023983392789412,32.12509642606335,0.999839494842903,5,100,9,5,15,0.0005936757815219756,33,ciudad moderna,0.09729921069287567
122,1763620454.2873597,0.9113971339214766,0.9281270654534028,35.10816959178573,0.9998398784642103,5,100,9,5,15,0.0005770359893685067,34,ciudad moderna,0.1269110482380727
123,1763620454.4066997,0.9089139962976488,0.9105793305001163,34.258907731539544,0.9998401675142619,5,100,9,5,15,0.0005584655350232996,35,ciudad moderna,0.1281604451706097
124,1763620454.5238352,0.9082058503311683,0.9369529135916549,33.38878312985337,0.9998403389197795,5,100,9,5,15,0.000552841086894049,36,ciudad moderna,0.09893921735446272
125,1763620454.6407895,0.9151740345856304,0.9044672213725304,36.10553506266133,0.9998404763443953,5,100,9,5,15,0.000544757899068066,37,ciudad moderna,0.11795739102036674
126,1763620454.7604566,0.9097539660486662,0.9003393781900585,38.460457481851655,0.9998405617680367,5,100,9,5,15,0.0005382322634160041,38,ciudad moderna,0.12673412019529423
127,1763620454.8736,0.9147817768969699,0.9206320972233956,38.415415403729696,0.9998406061553129,5,100,9,5,15,0.0005310665561153783,39,ciudad moderna,0.12726994073112152
128,1763620454.9915278,0.9133249034685056,0.9040663439648942,33.161445990817505,0.9998406043200249,5,100,9,5,15,0.0005358040402863288,39,ciudad moderna,0.11821603525596122
129,1763620455.1169975,0.9140909403438097,0.9445356983985391,37.37804382892079,0.9998406479217101,5,100,9,5,15,0.0005333670420582649,39,ciudad moderna,0.12660409809269138
130,1763620455.249515,0.9085768163163485,0.9235727112529178,36.408702578380485,0.9998406816238626,5,100,9,5,15,0.0005307643252412095,39,ciudad moderna,0.12776392007038487
131,1763620455.3622184,0.9162185498896168,0.9393608280219691,39.28923744836945,0.9998407043404574,5,100,9,5,15,0.0005302940690462138,39,ciudad moderna,0.12947395591464655
132,1763620455.4784794,0.9131417971956254,0.96,36.72120795007537,0.9998407320585001,4,100,9,5,15,0.0005376675325187019,39,ciudad moderna,0.12032257473417841
133,1763620455.5965312,0.912146283435279,0.9474588852137291,34.928928029336326,0.9998408202375386,5,100,9,5,15,0.000545349316476376,39,ciudad moderna,0.09983936223053437
134,1763620455.7086575,0.9134194779435846,0.96,36.32692849101384,0.9998409657428762,4,100,9,5,15,0.0005463371291971842,39,ciudad moderna,0.1060111065034239
135,1763620455.8278346,0.9103455433414475,0.9558130133108621,35.39144652799015,0.9998411221040184,4,100,9,5,15,0.00054113257569402,39,ciudad moderna,0.12065593388615885
136,1763620455.9541717,0.9121872714732578,0.959377638410504,36.02477662966321,0.999841249532634,4,100,9,5,15,0.0005378586852916143,39,ciudad moderna,0.10637382104607561
137,1763620456.0663939,0.9104055916677797,0.9248375698147018,32.18151466788272,0.999841360659226,5,100,9,5,15,0.0005314263475151247,39,ciudad moderna,0.12628545637737815
138,1763620456.1887918,0.9150777661948745,0.943135407265636,35.305374622824786,0.9998414345698873,5,100,9,5,15,0.0005235472787941489,39,ciudad moderna,0.10533576816715148
139,1763620456.3086593,0.913371534374769,0.9338387427953646,34.3463851724473,0.9998414608450986,5,100,9,5,15,0.0005271326093641828,39,ciudad moderna,0.11289161183263785
140,1763620456.4283917,0.9129989680764089,0.9141269115569891,39.3344266282034,0.9998415189285307,5,100,9,5,15,0.0005302686764395332,39,ciudad moderna,0.13707162234129228
141,1763620456.5496147,0.911053697226828,0.9381193464900107,37.98813543407687,0.9998416040076397,5,100,9,5,15,0.0005273545930709702,39,ciudad moderna,0.10936235600772871
142,1763620456.67361,0.9131014699350861,0.9108983202864246,37.430205770234224,0.9998416757031643,5,100,9,5,15,0.0005264072771353132,39,ciudad moderna,0.12839012666997132
143,1763620456.7920218,0.9108474083597221,0.9407500507345062,33.86783611909948,0.9998417470405009,5,100,9,5,15,0.0005221404419016951,39,ciudad moderna,0.13824056888106168
144,1763620456.9175565,0.9116837236407315,0.9345456290758749,38.81271574037669,0.9998417962960644,5,100,9,5,15,0.0005176884481954781,39,ciudad moderna,0.12378827080486177
145,1763620457.036447,0.9133276379849633,0.9294219537791494,34.473027707564576,0.999841822314745,5,100,9,5,15,0.0005244025606065712,39,ciudad moderna,0.11825388603591161
146,1763620457.1490493,0.9144662543984508,0.96,37.57405807082448,0.9998418985053414,4,100,9,5,15,0.0005389952088898909,39,ciudad moderna,0.10476485045264766
147,1763620457.2722836,0.9124438923288526,0.9205990409488161,36.354175229324134,0.9998420666117945,5,100,9,5,15,0.0005387773640845621,39,ciudad moderna,0.10594369513604034
148,1763620457.3909261,0.915206903975164,0.9143598431425785,33.83178291568068,0.9998422363830404,5,100,9,5,15,0.000535024765656998,39,ciudad moderna,0.12837197483777185
149,1763620457.5161128,0.9138542940176467,0.9259326947358933,38.364073907703705,0.9998423879927918,5,100,9,5,15,0.000544864034513199,39,ciudad moderna,0.10362852457779978
150,1763620457.635466,0.9109731059940794,0.9051155827618863,33.53556400877938,0.9998425956624031,5,100,9,6,20,0.0005374349518293273,40,bosque antiguo,0.11939111962714803
151,1763620458.108137,0.9152357020765516,0.9068457696513619,35.754021860232996,0.9998427659191973,5,100,9,6,21,0.0005302230657397713,41,bosque antiguo,0.10544835903707916
152,1763620458.2254193,0.9114823672402202,0.9158206047680327,29.810566427965583,0.9998428990129422,5,100,9,6,21,0.0005222564339775528,42,bosque antiguo,0.10086579277512521
153,1763620458.343018,0.9108600631926054,0.96,34.30268443218028,0.9998429896718001,4,100,9,6,21,0.0005123974956526775,43,bosque antiguo,0.13621352874599718
154,1763620458.4627585,0.9140015578592312,0.9239771092496276,36.69275188613005,0.9998430251019784,5,100,9,6,21,0.000504836362330378,44,bosque antiguo,0.10538269929164669
155,1763620458.5795639,0.9076877021371175,0.9061023823165338,38.920968136875025,0.9998430183978746,5,100,9,6,21,0.0004939871071749401,45,bosque antiguo,0.11198999599771944
156,1763620458.6975074,0.9106883678494476,0.8631542616796488,36.98058830639421,0.9998429466367534,5,100,9,6,21,0.00048557789525993715,46,bosque antiguo,0.13895296748528224
157,1763620458.8144188,0.9103476324582412,0.9455261088412689,38.41185142361655,0.9998428250372718,5,100,9,6,21,0.00047652000180289597,47,bosque antiguo,0.10998081410174057
158,1763620458.9401255,0.9185844394094397,0.9355738414872785,38.51798749512012,0.9998426480509827,5,100,9,6,21,0.0004805879221427251,47,bosque antiguo,0.10466933780848518
159,1763620459.0601532,0.9158843810458159,0.96,37.81001931864545,0.9998425110102775,4,100,9,6,21,0.0004793607668811325,47,bosque antiguo,0.13530169310150938
160,1763620459.176347,0.9115594994146851,0.9290131013612768,35.088102736253205,0.9998423750362954,5,100,9,6,21,0.0004761435233872817,47,bosque antiguo,0.13741700494025644
161,1763620459.2918906,0.9079621591642244,0.96,40.945550065573215,0.9998422260847986,4,100,9,6,21,0.0004771629428271183,47,bosque antiguo,0.10270104923073113
162,1763620459.4072824,0.918627091400371,0.9444517366022023,35.34025829204944,0.9998420940145816,5,100,9,6,21,0.00048404893258087716,47,bosque antiguo,0.12161466292447017
163,1763620459.5234745,0.9195631455394704,0.9383987746377174,41.747514528088836,0.9998420174060767,5,100,9,6,21,0.000487974568594786,47,bosque antiguo,0.1158562010875357
164,1763620459.6513176,0.9123423932392578,0.96,33.68420518943017,0.9998419737610991,4,100,9,6,21,0.0004865286508716611,47,bosque antiguo,0.10750402912060464
165,1763620459.77396,0.915032211404816,0.9224372638553157,35.09681065007885,0.9998419278809573,5,100,9,6,21,0.0004893394893753378,47,bosque antiguo,0.11709741046485009
166,1763620459.8911738,0.9163011260292616,0.9521974976332362,36.15432525754421,0.9998419062483067,4,100,9,6,21,0.0004792619319131883,47,bosque antiguo,0.13429762558277913
167,1763620460.0105174,0.9092885781785682,0.9286391733606649,37.346379160776486,0.9998418277900748,5,100,9,6,21,0.0004771319521550383,47,bosque antiguo,0.13652483921414219
168,1763620460.135682,0.9113680346491612,0.9547972093587327,39.79319269990984,0.9998417431928517,4,100,9,6,21,0.00048342148973701916,47,bosque antiguo,0.1269929064623263
169,1763620460.256284,0.9110761595499434,0.9562723960705051,36.735289663106215,0.999841705448372,4,100,9,6,21,0.0004903539942867489,47,bosque antiguo,0.13338170071371352
170,1763620460.3807414,0.9150623100951822,0.9501375163831192,36.62428495462649,0.9998417151747913,4,100,9,6,21,0.0004826620140895861,47,bosque antiguo,0.10573722461218191
171,1763620460.497094,0.9110489492440742,0.9209596255380238,38.158386844349934,0.999841684896354,5,100,9,6,21,0.0004888602939394867,47,bosque antiguo,0.13660530497254658
172,1763620460.61479,0.9143044854572175,0.9544840829405177,35.51273546344683,0.9998416968244058,4,100,9,6,21,0.00047993333860401797,47,bosque antiguo,0.11984072953666172
173,1763620460.7365024,0.9152636800543745,0.9030916493625485,33.21348528256137,0.9998416618514269,5,100,9,6,21,0.0004797594638489848,47,bosque antiguo,0.12606768705863622
174,1763620460.8561375,0.9129906784869792,0.96,36.996796259172655,0.9998416318855824,4,100,9,6,21,0.00047914237765560097,47,bosque antiguo,0.10603300716018181
175,1763620460.9741826,0.914814029144018,0.949468345261319,37.19871628518316,0.9998416041620584,5,100,9,6,21,0.0004815314454046558,47,bosque antiguo,0.1020923651301294
176,1763620461.096337,0.9160459305413062,0.9200657952444712,37.72579222942409,0.99984159593653,5,100,9,6,21,0.0004908886641316664,47,bosque antiguo,0.10531430186280932
177,1763620461.2270207,0.9109335488099485,0.9256388786269627,36.74041899292985,0.999841644281812,5,100,9,6,21,0.0004893251852666981,47,bosque antiguo,0.10507534413473237
178,1763620461.3473468,0.9137461730674327,0.9382929498236497,39.02295481105702,0.9998416882887083,5,100,9,6,21,0.0005011525531824661,47,bosque antiguo,0.1004439284688971
179,1763620461.4721026,0.9102022922404637,0.9042511985072794,37.00862331222767,0.9998417960400705,5,100,9,6,21,0.0004986477024790663,47,bosque antiguo,0.1330924986246776
180,1763620461.600938,0.90922891271153,0.869212325063785,38.00154803850159,0.9998418942431295,5,100,9,7,27,0.00048656605699269834,48,montaña nevada,0.13781576068582424
181,1763620461.719785,0.9111715661151701,0.8949602354755081,38.74491692297307,0.9998419342613253,5,100,9,7,28,0.00047762085489388593,49,montaña nevada,0.13685339698114102
182,1763620461.857741,0.9162828912542068,0.916915326793566,35.87548570932489,0.9998419303441547,5,100,9,7,28,0.00047077147581184753,50,montaña nevada,0.12018451027141974
183,1763620461.9828436,0.9117838191295768,0.8888423191740764,35.9025111636901,0.9998418931540257,5,100,9,7,28,0.00046394245293278504,51,montaña nevada,0.1244069312292427
184,1763620462.1078846,0.9128036797266649,0.8896751806537984,38.143280737771875,0.9998418223175479,5,100,9,7,28,0.0004579324357268362,52,montaña nevada,0.13124401907088684
185,1763620462.2278643,0.9142277658316695,0.9117011525658635,40.63530560023021,0.9998417223064725,5,100,9,7,28,0.0004544668257299474,53,montaña nevada,0.11426037492739644
186,1763620462.349763,0.904434271223777,0.9011344692897636,35.77434323412229,0.999841608366321,5,100,9,7,28,0.0004512501863627765,54,montaña nevada,0.13226246100485423
187,1763620462.4705267,0.9103277276197361,0.9432111052508967,40.60403968157265,0.9998414821022318,5,100,9,7,28,0.00045094558369565324,55,montaña nevada,0.11071349817381167
188,1763620462.5907178,0.9100891868688407,0.95443246412461,33.42861577713041,0.9998413612590317,4,100,9,7,28,0.0004527301836470462,55,montaña nevada,0.13283837305342322
189,1763620462.7128694,0.907518758357886,0.9489619749269234,36.792465769241105,0.9998412580406099,5,100,9,7,28,0.00045123209530898475,55,montaña nevada,0.09865311764212988
190,1763620462.8374865,0.9051550548640752,0.96,40.26326392969106,0.9998411526877278,4,100,9,7,28,0.00045178043200898993,55,montaña nevada,0.12530872244407543
191,1763620463.0057237,0.9111348666386464,0.9289652286724499,37.95600539763397,0.9998410571255929,5,100,9,7,28,0.0004551012205524925,55,montaña nevada,0.10530473042011712
192,1763620463.1506739,0.908132980390351,0.9252138084630919,36.78937398652775,0.9998409867328466,5,100,9,7,28,0.00045213165218918307,55,montaña nevada,0.10664907622915479
193,1763620463.280426,0.9077686464189311,0.9341872402534406,42.82247856697307,0.9998409054510441,5,100,9,7,28,0.00045214948529147443,55,montaña nevada,0.09853886122457889
194,1763620463.4023614,0.9101578182771015,0.9372380169667311,37.3311817589266,0.9998408302009083,5,100,9,7,28,0.0004535159624160488,55,montaña nevada,0.12437095723952965
195,1763620463.5256922,0.9108867008146387,0.9477125533659745,38.54665786172754,0.9998407682303998,5,100,9,7,28,0.000450742819730155,55,montaña nevada,0.10614243737240657
196,1763620463.6456938,0.9123900852403857,0.9171587241316626,38.48005480810103,0.9998406965095334,5,100,9,7,28,0.00044980574849578034,55,montaña nevada,0.09408014424847089
197,1763620463.7654912,0.9027457641118602,0.907034232936491,41.29720211756381,0.9998406252430663,5,100,9,7,28,0.00044998720048902566,55,montaña nevada,0.13330462527882628
198,1763620463.888941,0.9103714669050057,0.9172050048278313,37.68611027373953,0.9998405604875913,5,100,9,7,28,0.00045477673168691933,55,montaña nevada,0.10914157065757588
199,1763620464.0109854,0.9134095613602252,0.9323626619266923,36.822094214645254,0.9998405264282241,5,100,9,7,28,0.0004548522388309171,55,montaña nevada,0.11176289077168086
200,1763620464.1365428,0.9101657869647276,0.9269712525313352,39.44137648152884,0.9998404974290604,5,100,9,7,28,0.00045071986518180264,55,montaña nevada,0.12030744059997782
201,1763620464.6386964,0.9125350628016249,0.9454331264030954,37.32934592392158,0.9998404515715144,5,100,9,7,28,0.00045208026424116724,55,montaña nevada,0.113438168854515
202,1763620464.760721,0.91008890151888,0.9128519853093234,37.141152882556725,0.9998404175647497,5,100,9,7,28,0.00044649919647704177,55,montaña nevada,0.11623592853482763
203,1763620464.8829572,0.9083382704614514,0.9544140392171626,40.407986819714885,0.9998403592071623,4,100,9,7,28,0.0004488835470744579,55,montaña nevada,0.09799535793217411
204,1763620465.009858,0.9111817658798375,0.9479014739236375,39.651110687778996,0.9998403181778447,5,100,9,7,28,0.0004514186227206492,55,montaña nevada,0.12891719507085192
205,1763620465.1308184,0.9083323545957137,0.9213810383770165,42.86462439589319,0.9998402945495742,5,100,9,7,28,0.0004526215431514521,55,montaña nevada,0.0954951166386004
206,1763620465.252806,0.9112696491761826,0.96,39.119132445560375,0.9998402810885133,4,100,9,7,28,0.0004503731963440761,55,montaña nevada,0.09727549614636471
207,1763620465.3830018,0.9088650168804439,0.9473772561037284,32.657254890308565,0.9998402605749577,5,100,9,7,28,0.00044948144438967843,55,montaña nevada,0.10272501260521222
208,1763620465.516406,0.9083498744437429,0.9486109382193396,35.518661675979345,0.9998402397702519,5,100,9,7,28,0.00045737740337113496,55,montaña nevada,0.11709062134891136
209,1763620465.6409278,0.9093044471732847,0.9558240929238336,36.966021915290035,0.9998402605867209,4,100,9,7,28,0.0004563945307591042,55,montaña nevada,0.10534874871006797
210,1763620465.7632601,0.911885754378914,0.8659549452244444,39.33397563994033,0.9998402801006876,5,100,9,8,35,0.0004486943037253273,56,océano profundo,0.09478202054079964
211,1763620465.8915405,0.9069631614988799,0.9136843352453239,40.544231665759455,0.9998402666744615,5,100,9,8,36,0.0004417234558527164,57,océano profundo,0.11668694552453826
212,1763620466.0322542,0.9130113132835748,0.8876786459130817,33.49549296301959,0.9998402231372233,5,100,9,8,36,0.0004380261461039386,58,océano profundo,0.1146159875024007
213,1763620466.1630988,0.9076633805799728,0.8858696286249204,36.17345253523283,0.9998401655571066,5,100,9,8,36,0.0004329409105679743,59,océano profundo,0.12190939860071036
214,1763620466.2872107,0.9092933522492985,0.9056263497807971,36.72061947798466,0.9998400868651915,5,100,9,8,36,0.0004298712479021577,60,océano profundo,0.1176119186115856
215,1763620466.4168885,0.9049371631574307,0.9173112490496053,37.96365260652603,0.9998399974089596,5,100,9,8,36,0.0004277002336258667,61,océano profundo,0.12254291629625662
216,1763620466.5518894,0.9119295795599861,0.9369402529889361,41.69743134190706,0.9998399019080517,5,100,9,8,36,0.00042308510279283053,62,océano profundo,0.09743735718621134
217,1763620466.6816359,0.9118096727677324,0.9098397371055004,38.1633526519854,0.9998397876553508,5,100,9,8,36,0.0004228789766723136,63,océano profundo,0.08639687918510232
218,1763620466.8077931,0.9129499272043698,0.9407552387411688,37.802032271925626,0.9998396778635048,5,100,9,8,36,0.00042376409643126616,63,océano profundo,0.11595602389262542
219,1763620466.9385037,0.9158951138419708,0.9422053278935086,37.01203478235177,0.9998395780371143,5,100,9,8,36,0.0004211938460962447,63,océano profundo,0.09564419462234618
220,1763620467.0691702,0.9103202066596422,0.9450141696213246,39.82238043635604,0.9998394702265441,5,100,9,8,36,0.0004237524684494224,63,océano profundo,0.09907824044082801
221,1763620467.1979816,0.9151782657886235,0.9558106201333751,41.670124757563926,0.999839380690239,4,100,9,8,36,0.0004233549838405675,63,océano profundo,0.09740712961130692
222,1763620467.324028,0.9121266736788863,0.96,39.25114981680204,0.9998392940802885,4,100,9,8,36,0.00042341380280059,63,océano profundo,0.084617349999529
223,1763620467.4501998,0.9126847075658078,0.9495327594926856,39.44213652338248,0.9998392125830163,5,100,9,8,36,0.0004265233603999928,63,océano profundo,0.08843112689321199
224,1763620467.5752947,0.9118045061233006,0.9505243299167226,39.540821209964705,0.9998391508939127,4,100,9,8,36,0.00042818433110451313,63,océano profundo,0.10947783630751157
225,1763620467.7082975,0.9128633567619433,0.901620821270194,39.88496393798259,0.9998391013873967,5,100,9,8,36,0.00042601223633463527,63,océano profundo,0.08856672610443779
226,1763620467.8374918,0.9116498571301671,0.96,38.119358995561534,0.9998390456747487,4,100,9,8,36,0.0004292588710094402,63,océano profundo,0.10935888933564014
227,1763620467.9662514,0.9153231110337625,0.9593392044710384,36.12210192147891,0.9998390092020094,4,100,9,8,36,0.0004225275262512519,63,océano profundo,0.09596796846573431
228,1763620468.0918846,0.9121320325551411,0.9365020937631723,38.95559047325595,0.999838945081021,5,100,9,8,36,0.00041858850908068436,63,océano profundo,0.09220997651049886
229,1763620468.2233553,0.9131551567542745,0.9174415198933914,39.995544960797695,0.9998388664058226,5,100,9,8,36,0.0004159676392575092,63,océano profundo,0.11337807205806633
230,1763620468.3547287,0.9093391523066287,0.9498768627823205,32.53733211419901,0.9998387795749205,5,100,9,8,36,0.00041376169367201963,63,océano profundo,0.10863896336269935
231,1763620468.4842544,0.916219097154419,0.9070068365650752,38.73372358751321,0.9998386866569597,5,100,9,8,36,0.0004136855441212409,63,océano profundo,0.10624605077183619
232,1763620468.615693,0.9084375983969709,0.9518427732030189,39.81841901478249,0.9998385980146475,4,100,9,8,36,0.0004137142834333526,63,océano profundo,0.10542630566178306
233,1763620468.7476315,0.9109369053845794,0.8985386756781358,38.633941594081534,0.999838514043049,5,100,9,8,36,0.00041522461515248327,63,océano profundo,0.0872015787912024
234,1763620468.8799613,0.9103781174076132,0.9224058130594324,36.42069365796821,0.9998384415996694,5,100,9,8,36,0.0004124625028176043,63,océano profundo,0.08020135054040424
235,1763620469.0128984,0.9124238488253159,0.9028372486388544,38.923584623298446,0.9998383604087733,5,100,9,8,36,0.00041396206338279704,63,océano profundo,0.11449995645420237
236,1763620469.1454139,0.9129834864617049,0.9192105690406617,38.41660042804677,0.9998382905100119,5,100,9,8,36,0.0004149565125174781,63,océano profundo,0.09378617903125065
237,1763620469.2777226,0.9104566808679694,0.9305314187351422,36.389838644197596,0.9998382292500191,5,100,9,8,36,0.0004186065454886298,63,océano profundo,0.09931400858279935
238,1763620469.410764,0.9117152806077189,0.9588248399447938,38.536106541457926,0.9998381882553269,4,100,9,8,36,0.00041973831361386086,63,océano profundo,0.09262165139530629
239,1763620469.5437934,0.9173733520447779,0.9136656113775752,44.42043356038714,0.9998381557467276,5,100,9,8,36,0.00042336474398635535,63,océano profundo,0.10518961211046672
240,1763620469.673371,0.9157229892208184,0.8577728395313385,40.43012794857636,0.9998381421343663,5,100,9,9,44,0.00041931630550940297,64,auto eléctrico,0.0812063609075591
241,1763620469.8049228,0.9173610465212949,0.8852793342175169,36.06857321774043,0.9998381143064745,5,100,9,9,45,0.000417460321444964,65,auto eléctrico,0.08808467952810707
242,1763620469.9427993,0.9102612996157182,0.8854028637714036,41.85786039897295,0.9998380817348557,5,100,9,9,45,0.0004137710541866908,66,auto eléctrico,0.10792892919405259
243,1763620470.0689952,0.9135554211362514,0.9308482871991763,40.14306428051782,0.9998380364783219,5,100,9,9,45,0.0004121952097496705,67,auto eléctrico,0.07397107473309353
244,1763620470.1958663,0.9130045337305798,0.8921755363937407,42.663764991682626,0.9998379878261753,5,100,9,9,45,0.00041205315231631755,68,auto eléctrico,0.07553953059044195
245,1763620470.3219244,0.915282833814894,0.9571041587094404,35.749829686501336,0.9998379420604555,4,100,9,9,45,0.0004079166941536523,69,auto eléctrico,0.07293372452705053
246,1763620470.451377,0.9112963885832301,0.9201551951820726,37.37902674803985,0.9998378816963794,5,100,9,9,45,0.0004043853687298668,70,auto eléctrico,0.07974528295802444
247,1763620470.581588,0.9087507399940556,0.9169623261801669,41.47503257674275,0.9998378093879492,5,100,9,9,45,0.0004025934344531682,71,auto eléctrico,0.08628341682757562
248,1763620470.7106962,0.9116257664199666,0.9168975775669701,39.02484854466433,0.9998377329440447,5,100,9,9,45,0.00040222678011541605,71,auto eléctrico,0.07313474854317023
249,1763620470.8463411,0.9116337026393045,0.96,38.477804123950214,0.9998376587485024,4,100,9,9,45,0.0003989271818952669,71,auto eléctrico,0.08166556977488505
250,1763620470.9776757,0.9096805702948866,0.96,38.03661161424056,0.9998375737123585,4,100,9,9,45,0.00039929245564388106,71,auto eléctrico,0.10115434387343572
251,1763620471.4926634,0.9085450725577768,0.9242128442640455,39.48956617169329,0.9998374942671311,5,100,9,9,45,0.0003943487094814138,71,auto eléctrico,0.0684300015438555
252,1763620471.626354,0.9114084597342199,0.9349581416316881,37.52209229606792,0.9998373966406529,5,100,9,9,45,0.00039416904012083286,71,auto eléctrico,0.07727316552863768
253,1763620471.7554977,0.9088591061897029,0.9318901855901701,42.25276346638732,0.9998373023422504,5,100,9,9,45,0.0003936875065354781,71,auto eléctrico,0.08452056758630466
254,1763620471.8879278,0.908622711880676,0.9289734655424824,39.02671319284125,0.9998372099532651,5,100,9,9,45,0.00039100600384798503,71,auto eléctrico,0.07657594747243239
255,1763620472.019542,0.9136127075250403,0.9272704166978404,41.30358482573642,0.9998371096252362,5,100,9,9,45,0.00039277679794074463,71,auto eléctrico,0.08314045492488364
256,1763620472.1485312,0.9121576592105877,0.9336693790017819,35.97543275761757,0.9998370212374286,5,100,9,9,45,0.0003913141307238722,71,auto eléctrico,0.10199751657037862
257,1763620472.2804465,0.9034901328509743,0.9137023750736567,39.85475426143381,0.999836930319955,5,100,9,9,45,0.0003893573506298085,71,auto eléctrico,0.06601647067440984
258,1763620472.4186094,0.9164987018140419,0.9398828601280761,40.96968111189651,0.999836834717546,5,100,9,9,45,0.00038656119911810585,71,auto eléctrico,0.08684801421086911
259,1763620472.5537362,0.9129394444162778,0.9458606304543864,40.404031320030136,0.9998367307472472,5,100,9,9,45,0.00038680755634460984,71,auto eléctrico,0.0824764791559012
260,1763620472.685998,0.918166256621682,0.9502418972925086,42.67227886075986,0.9998366319324741,4,100,9,9,45,0.0003898326282182323,71,auto eléctrico,0.09739755281611245
261,1763620472.816501,0.9134380973861443,0.9177082875164632,40.03665007894237,0.999836550168794,5,100,9,9,45,0.0003901396980651812,71,auto eléctrico,0.0664114713025632
262,1763620472.9480524,0.911634133810685,0.96,39.11872756976643,0.9998364733741688,4,100,9,9,45,0.00039387821407256156,71,auto eléctrico,0.06692999537515805
263,1763620473.0909307,0.9085711009155822,0.9367725216036444,40.455314702624946,0.9998364157390289,5,100,9,9,45,0.000391554607303306,71,auto eléctrico,0.08597936704379508
264,1763620473.220897,0.9109542586046504,0.9253065061413177,34.663444779466325,0.9998363517588044,5,100,9,9,45,0.00038875373098225534,71,auto eléctrico,0.08704072255316728
265,1763620473.3526514,0.9114512250796322,0.913742461983851,41.55763030114399,0.9998362794730467,5,100,9,9,45,0.00038937500753517807,71,auto eléctrico,0.08994519042884316
266,1763620473.4830868,0.9103154754464016,0.9219677916606015,41.564237080858895,0.9998362131865732,5,100,9,9,45,0.00039231694992152276,71,auto eléctrico,0.06477700031500452
267,1763620473.634691,0.90959826687819,0.942878865727564,38.161832680290786,0.9998361621798219,5,100,9,9,45,0.0003948134086064351,71,auto eléctrico,0.09235147643510867
268,1763620473.7714486,0.9114693783237775,0.96,35.74338073386674,0.9998361241512578,4,100,9,9,45,0.0003925681394406386,71,auto eléctrico,0.08102986026795499
269,1763620473.9156609,0.9142079575181997,0.952550409712221,35.87118757271394,0.9998360801071668,4,100,9,9,45,0.00039242647944523907,71,auto eléctrico,0.06532942309640745
270,1763620474.0467365,0.9185366389964997,0.9222359694136072,36.20688567039343,0.9998360384143891,5,100,9,10,54,0.0003886527100326959,72,avión comercial,0.07225474637438423
271,1763620474.1859283,0.9169975573538376,0.8863256971627339,41.80718218749819,0.9998359846610481,5,100,9,10,55,0.00038298563627003326,73,avión comercial,0.08041285536993019
272,1763620474.3432333,0.9168425697335102,0.9292263846551707,43.47614212275707,0.9998359111072325,5,100,9,10,55,0.0003794025016819106,74,avión comercial,0.08994968745857412
273,1763620474.4794977,0.9203081629571725,0.9546371985408788,40.82034653301635,0.9998358261764961,4,100,9,10,55,0.0003791744256722263,75,avión comercial,0.06202363806187119
274,1763620474.6143878,0.9166863442035935,0.9398889645702089,41.6497395099267,0.999835743772491,5,100,9,10,55,0.0003761209813067266,76,avión comercial,0.06657153976422815
275,1763620474.7534945,0.9173232278314586,0.96,42.093487278699726,0.9998356522178603,4,100,9,10,55,0.00037595473431492653,77,avión comercial,0.07255298988271222
276,1763620474.8939028,0.9195107740242127,0.9479229614277538,41.01968212543723,0.9998355635070213,5,100,9,10,55,0.00037135571114233184,78,avión comercial,0.08534023084431672
277,1763620475.0379896,0.9126422798495825,0.9219321350618777,42.25865134949194,0.9998354592431972,5,100,9,10,55,0.00036856766516570424,79,avión comercial,0.08326687924469045
278,1763620475.1778648,0.9158829734572432,0.9229850496275607,40.2252879662142,0.9998353470044086,5,100,9,10,55,0.0003677862081469624,79,avión comercial,0.07558161250110237
279,1763620475.3181531,0.917990264839793,0.96,40.88629257839026,0.9998352352842461,4,100,9,10,55,0.00037223398264885993,79,avión comercial,0.08098838719314322
280,1763620475.4581547,0.9177206348829579,0.939283547293149,38.7550469114251,0.9998351456376664,5,100,9,10,55,0.0003711797717274963,79,avión comercial,0.07042160324693134
281,1763620475.5969543,0.9122052484732442,0.96,43.835168837192214,0.9998350551282068,4,100,9,10,55,0.000367586986009827,79,avión comercial,0.07111367817277997
282,1763620475.737537,0.9153701633832988,0.96,44.465551143366426,0.9998349534050678,4,100,9,10,55,0.00036764175467981136,79,avión comercial,0.060378446487541454
283,1763620475.8829172,0.9177840776451403,0.9203843551081246,41.06088936531541,0.9998348554583377,5,100,9,10,55,0.0003685330021559914,79,avión comercial,0.0764461106801258
284,1763620476.0397215,0.9142620337773995,0.9593201412934804,39.7136356235112,0.9998347645835607,4,100,9,10,55,0.00037120300630339386,79,avión comercial,0.08259888430026202
285,1763620476.1754823,0.9130355469557854,0.9290400424859705,39.775233655499925,0.9998346876486566,5,100,9,10,55,0.00037343724118272164,79,avión comercial,0.07089422300609607
286,1763620476.3108304,0.9170216916919712,0.96,41.72448554675941,0.999834622519641,4,100,9,10,55,0.00037896873282212734,79,avión comercial,0.07047026426037832
287,1763620476.4493778,0.9095539367822193,0.9340778058737196,40.78127822103967,0.9998345812081045,5,100,9,10,55,0.00037607276943191534,79,avión comercial,0.05908647543325461
288,1763620476.5957224,0.9107908383309695,0.9321860290442247,39.566699439447305,0.9998345316970324,5,100,9,10,55,0.000375424092500105,79,avión comercial,0.044643947633728434
289,1763620476.737439,0.9149378534600622,0.96,45.54623366615979,0.99983448244369,4,100,9,10,55,0.0003754104047736197,79,avión comercial,0.045491692251667215
290,1763620476.8794634,0.9170040965686682,0.96,36.62011524180632,0.9998344357981421,4,100,9,10,55,0.00037008943295929807,79,avión comercial,0.050886000805365476
291,1763620477.0160174,0.9171065467594915,0.9306243456448577,38.73441290904261,0.9998343718628754,5,100,9,10,55,0.0003668138509070465,79,avión comercial,0.06921459184415948
292,1763620477.1592088,0.909943126871907,0.96,37.4713353995804,0.9998342983184159,4,100,9,10,55,0.00036567348327344975,79,avión comercial,0.05384567325736882
293,1763620477.2956905,0.914938097519427,0.96,37.14604571555506,0.999834223382046,4,100,9,10,55,0.0003644580677568079,79,avión comercial,0.04668186435091089
294,1763620477.4523957,0.9130028077912199,0.9539708096481393,39.30568985287272,0.9998341467761416,4,100,9,10,55,0.00036408437207159714,79,avión comercial,0.05931079227910328
295,1763620477.5889585,0.9174009885605668,0.9545162445888382,41.88261461934796,0.9998340717237619,4,100,9,10,55,0.0003625514980785213,79,avión comercial,0.05881123894208368
296,1763620477.7246041,0.9136911703921261,0.9463695956614899,44.19060234677645,0.9998339937916728,5,100,9,10,55,0.0003655457857447207,79,avión comercial,0.06165007386642528
297,1763620477.8660488,0.910842676957497,0.9301687787270988,41.69363183338479,0.9998339300583654,5,100,9,10,55,0.0003628729093449591,79,avión comercial,0.04964913007871055
298,1763620478.0083666,0.9159019678404808,0.9310964907003133,40.47532845190225,0.9998338591199182,5,100,9,10,55,0.0003664093349544067,79,avión comercial,0.06400776172428888
299,1763620478.145181,0.9145812855502995,0.9308238035310148,39.65417383370462,0.9998338040558832,5,100,9,10,55,0.0003684182271303939,79,avión comercial,0.05370860004025156
300,1763620478.2917771,0.919070353036314,0.8675238789016296,41.35588756142155,0.9998337588333664,5,100,9,11,65,0.0003632437102798026,80,tren de alta velocidad,0.07095684111486095
301,1763620478.8241463,0.9161739178697904,0.8704647089290217,40.55597966301125,0.9998336973571025,5,100,9,11,66,0.0003611171832908046,81,tren de alta velocidad,0.05826896705449054
302,1763620478.967955,0.9210044730997876,0.8973818890955869,36.656069954996276,0.9998336307531789,5,100,9,11,66,0.0003593314610210598,82,tren de alta velocidad,0.04241497971617534
303,1763620479.110814,0.913424671271831,0.9135004675743322,39.52199949061032,0.9998335603033707,5,100,9,11,66,0.000358041550841514,83,tren de alta velocidad,0.04336031442249562
304,1763620479.249659,0.9165360168884936,0.9095024922580334,39.6087914028159,0.9998334878626626,5,100,9,11,66,0.00035635698625219244,84,tren de alta velocidad,0.041132210782896236
305,1763620479.387858,0.9170940602293257,0.9363563613569513,43.249908563716424,0.9998334119875305,5,100,9,11,66,0.0003551868988092671,85,tren de alta velocidad,0.049526105718005184
306,1763620479.5361142,0.909289720493876,0.9407381711981079,41.10116289621236,0.999833334603159,5,100,9,11,66,0.00035313904993850167,86,tren de alta velocidad,0.049724239594794224
307,1763620479.6821616,0.9132286545749054,0.96,43.34181710372317,0.9998332524721354,4,100,9,11,66,0.0003532688782431927,87,tren de alta velocidad,0.05484868584597534
308,1763620479.8362749,0.9092248324519829,0.9073336587795298,42.80914163478518,0.9998331736785492,5,100,9,11,66,0.0003551736811360359,87,tren de alta velocidad,0.04423252752795609
309,1763620479.983207,0.9150246742981246,0.9488041807495114,44.01917679520904,0.9998331046112355,5,100,9,11,66,0.00035157793213608994,87,tren de alta velocidad,0.034796046344717536
310,1763620480.125472,0.9105464562611744,0.9203795888122283,40.88435313387558,0.9998330251506445,5,100,9,11,66,0.000351801622796597,87,tren de alta velocidad,0.054890963910010845
311,1763620480.2696633,0.9177002520203072,0.96,36.29000111947493,0.9998329492842691,4,100,9,11,66,0.00035170222642183757,87,tren de alta velocidad,0.04478393486578731
312,1763620480.420956,0.9116972270743956,0.96,42.04652496133687,0.9998328757775288,4,100,9,11,66,0.00034953122092168983,87,tren de alta velocidad,0.04463467844443832
313,1763620480.5636046,0.9104227448963859,0.9302816116357746,44.865116579354726,0.9998327971149414,5,100,9,11,66,0.0003510126127661543,87,tren de alta velocidad,0.02646761613436857
314,1763620480.7076383,0.9055652626691156,0.96,44.532304399046346,0.9998327264975038,4,100,9,11,66,0.0003505867033217848,87,tren de alta velocidad,0.05905649415190603
315,1763620480.861896,0.9077627178910825,0.9383879228519512,40.209976413880675,0.9998326569743916,5,100,9,11,66,0.00035260219032081736,87,tren de alta velocidad,0.03961961557949695
316,1763620481.01007,0.9096933207388735,0.96,41.214220849974424,0.9998325971163792,4,100,9,11,66,0.0003529260167680564,87,tren de alta velocidad,0.028549434753914152
317,1763620481.1520596,0.9140514727968868,0.9387868735300422,40.30229809416019,0.9998325408209778,5,100,9,11,66,0.00035547877453509605,87,tren de alta velocidad,0.05721780125874007
318,1763620481.293254,0.9111248645183366,0.9492894221560054,45.06477032885717,0.9998324956362743,5,100,9,11,66,0.0003559661517323684,87,tren de alta velocidad,0.03281058803443275
319,1763620481.4420109,0.9169142882841553,0.9458200602412071,42.7684248047301,0.9998324543160578,5,100,9,11,66,0.0003553929196101998,87,tren de alta velocidad,0.04290272834754326
320,1763620481.5886767,0.9178865050349291,0.96,42.44553658225469,0.9998324132366119,4,100,9,11,66,0.0003542003580011188,87,tren de alta velocidad,0.02076905634578261
321,1763620481.736411,0.9209609089555973,0.9376514819134939,39.87654921110865,0.999832370315797,5,100,9,11,66,0.00035297804495014646,87,tren de alta velocidad,0.023657968047337274
322,1763620481.8783553,0.9136286323179333,0.96,42.94615011458364,0.9998323254658159,4,100,9,11,66,0.00035062645589008966,87,tren de alta velocidad,0.02463809717785477
323,1763620482.0219681,0.9167466963778649,0.9518910381434285,38.97139668009444,0.9998322748975179,4,100,9,11,66,0.000348704676033412,87,tren de alta velocidad,0.035234929925458576
324,1763620482.1742835,0.9170944498016884,0.9068960037366433,41.13577822286304,0.999832220082157,5,100,9,11,66,0.00035013986988445637,87,tren de alta velocidad,0.05150533746551891
325,1763620482.3258512,0.9111115495276563,0.96,43.78487141296107,0.9998321723600121,4,100,9,11,66,0.00034711184037903496,87,tren de alta velocidad,0.046198339700186046
326,1763620482.4749436,0.9123632134330443,0.9224803123213505,47.03967855853668,0.9998321166748344,5,100,9,11,66,0.00034682683536359265,87,tren de alta velocidad,0.0462971114820237
327,1763620482.616259,0.9151188008206056,0.9180450293925396,40.44006207547938,0.9998320622995015,5,100,9,11,66,0.00034648430642008796,87,tren de alta velocidad,0.044399331412853904
328,1763620482.7684083,0.9161423896856157,0.96,43.3664364747831,0.9998320090184758,4,100,9,11,66,0.0003505961075291815,87,tren de alta velocidad,0.018134043253469165
329,1763620482.915812,0.9157016158241275,0.96,40.23388216346131,0.9998319714609913,4,100,9,11,66,0.00035005428272244076,87,tren de alta velocidad,0.03461505202176214
330,1763620483.0709512,0.9115821806035985,0.9535194537419504,40.510398389281505,0.9998319341561503,4,100,9,12,77,0.00034754200201455346,88,barco de vela,0.019985379126031034
331,1763620483.223561,0.9109554418456236,0.882010355898362,42.033675148499555,0.9998318907018421,5,100,9,12,78,0.0003460827293728161,89,barco de vela,0.04658850639147569
332,1763620483.3713377,0.9040237073091477,0.9339966649339755,42.37073972529246,0.9998318445547796,5,100,9,12,78,0.0003444987752518586,90,barco de vela,0.02741553899463614
333,1763620483.5239143,0.9111085639399722,0.9077291474047208,42.97992650588378,0.9998317953220363,5,100,9,12,78,0.0003423904419454089,91,barco de vela,0.03223831774721653
334,1763620483.686456,0.913779478842461,0.9373898602532025,38.08625608165831,0.9998317412957987,5,100,9,12,78,0.0003411687980837787,92,barco de vela,0.017463126337652256
335,1763620483.8393772,0.9078591984563819,0.928553896514343,38.40357649284147,0.9998316854180354,5,100,9,12,78,0.00034001288647811655,93,barco de vela,0.01
336,1763620483.9951606,0.9089267039990171,0.9529547062066739,42.29588871033139,0.9998316279170254,4,100,9,12,78,0.00033961217805144255,94,barco de vela,0.01
337,1763620484.1530223,0.9089493251898871,0.9521041808829868,39.364737304407136,0.9998315712848559,4,100,9,12,78,0.00033746186776136336,95,barco de vela,0.021704755884127853
338,1763620484.3076255,0.9131743394233484,0.928758864382962,40.72566931929177,0.9998315097647327,5,100,9,12,78,0.00033744531989378054,95,barco de vela,0.03737612742945696
339,1763620484.4662328,0.910586030734664,0.9397928960581831,37.80696201179153,0.9998314504015966,5,100,9,12,78,0.00033712628825816634,95,barco de vela,0.03957486414478798
340,1763620484.6239893,0.9074595240448847,0.9598021774390945,41.64055483704667,0.9998313921729931,4,100,9,12,78,0.00033640285386624363,95,barco de vela,0.023098465407016086
341,1763620484.7724652,0.91202099216155,0.96,44.00818011189113,0.9998313337450463,4,100,9,12,78,0.00033576574315635765,95,barco de vela,0.020187043171979724
342,1763620484.9224231,0.9112979478308995,0.96,45.73301048005062,0.999831275395924,4,100,9,12,78,0.00033621930220892495,95,barco de vela,0.01
343,1763620485.0710747,0.907908259288825,0.96,38.46473831170582,0.9998312206393574,4,100,9,12,78,0.00033410337121180206,95,barco de vela,0.029569177240890622
344,1763620485.217484,0.9098021133124181,0.9340859355848491,45.88653533756765,0.9998311611571874,5,100,9,12,78,0.00033190961438638137,95,barco de vela,0.023654837146734914
345,1763620485.3876233,0.9103479785540745,0.933394417480568,45.329403254233235,0.9998310967100859,5,100,9,12,78,0.00033299987607755745,95,barco de vela,0.01
346,1763620485.537077,0.911123359599225,0.9591503854067522,44.167704327289115,0.9998310379527775,4,100,9,12,78,0.0003308893065233162,95,barco de vela,0.020051987828956185
347,1763620485.68851,0.908882971592484,0.96,41.408421301718064,0.9998309745166934,4,100,9,12,78,0.0003310651423047324,95,barco de vela,0.01
348,1763620485.838697,0.9103599555276108,0.9507462398000367,44.30630167300126,0.9998309137900275,4,100,9,12,78,0.00033215695167098324,95,barco de vela,0.02354323963731539
349,1763620485.9888036,0.9100210114415516,0.96,35.70589254412348,0.9998308586354613,4,100,9,12,78,0.00033218223308470414,95,barco de vela,0.02746320537715564
350,1763620486.1474717,0.904434254330967,0.96,39.74977325994212,0.9998308055867973,4,100,9,12,78,0.00033142722805255847,95,barco de vela,0.017394607682874465
351,1763620486.6957693,0.9082806232606834,0.96,44.84912454697235,0.9998307521621237,4,100,9,12,78,0.0003320668071475891,95,barco de vela,0.018900458836059442
352,1763620486.8449116,0.9140382808580206,0.9458690091490229,42.48307104628084,0.9998307027191821,5,100,9,12,78,0.0003359729828860464,95,barco de vela,0.01
353,1763620486.9944804,0.9073163376751551,0.9543748311097086,42.36149130776882,0.9998306671683888,4,100,9,12,78,0.0003348553627295333,95,barco de vela,0.01485736610760361
354,1763620487.141367,0.911109426523554,0.9277347660063161,45.35762260543753,0.9998306299996376,5,100,9,12,78,0.00033693398512799674,95,barco de vela,0.02037160431513175
355,1763620487.292094,0.911885756899677,0.956084184358584,46.681542417823536,0.9998306008268047,4,100,9,12,78,0.00033641314989037705,95,barco de vela,0.018521481639696233
356,1763620487.4454858,0.9111323836358812,0.9573470741612936,47.31996729777384,0.999830571777375,4,100,9,12,78,0.00033847821170856715,95,barco de vela,0.01656911487289228
357,1763620487.6065114,0.9065997274249392,0.9426694662812927,38.40563416727844,0.999830550449019,5,100,9,12,78,0.000340269102525953,95,barco de vela,0.01
358,1763620487.77866,0.908348818727938,0.9308721111226137,44.228644523944176,0.9998305358540311,5,100,9,12,78,0.0003386759364574342,95,barco de vela,0.01
359,1763620487.9296482,0.9098371125978243,0.9527294018831431,43.19645347356968,0.9998305181650642,4,100,9,12,78,0.0003386203925270434,95,barco de vela,0.01
360,1763620488.0847394,0.9137194981364095,0.9122622963794841,44.224234580782685,0.9998305018220504,5,100,9,13,90,0.0003353581916244058,96,computadora portátil,0.01828727676045332
361,1763620488.2420628,0.9165473022094316,0.911782535400645,40.345760731111675,0.9998304775736815,5,100,9,13,91,0.0003311438544506425,97,computadora portátil,0.01
362,1763620488.403102,0.9132544191342616,0.8938535383901965,44.30262698954517,0.9998304425751504,5,100,9,13,91,0.0003290412668672748,98,computadora portátil,0.01
363,1763620488.5572453,0.9194649476544517,0.946191760579345,39.31177454504136,0.999830403039022,5,100,9,13,91,0.0003261200416785664,99,computadora portátil,0.01
364,1763620488.7119918,0.910064721757239,0.9071791159295932,43.76876805286711,0.9998303565204725,5,100,9,13,91,0.0003234013258558692,100,computadora portátil,0.01
365,1763620488.8679714,0.9086226443732258,0.96,42.8325958736365,0.999830303618465,4,100,9,13,91,0.00032185665013053185,101,computadora portátil,0.01
366,1763620489.024771,0.9125805700977218,0.96,40.54263244298244,0.9998302479036646,4,100,9,13,91,0.00032092729317243683,102,computadora portátil,0.011310684398837874
367,1763620489.1856887,0.9104911205724721,0.9425497052120768,40.095277230605284,0.9998301912592414,5,100,9,13,91,0.00032007925783490384,103,computadora portátil,0.013175865336848423
368,1763620489.3425512,0.9172675454382301,0.9459985674975842,45.245905166739355,0.9998301339367389,5,100,9,13,91,0.0003205899632066879,103,computadora portátil,0.01
369,1763620489.5098364,0.9145297535604993,0.9577295592644701,40.78228544027147,0.9998300800364661,4,100,9,13,91,0.0003216046602181596,103,computadora portátil,0.01
370,1763620489.6704383,0.9166044772472085,0.96,43.05967922678872,0.9998300309980898,4,100,9,13,91,0.00032269713502539775,103,computadora portátil,0.01
371,1763620489.8330083,0.913746278503352,0.9440484506929935,42.11733925885599,0.999829986953792,5,100,9,13,91,0.00032451057199499013,103,computadora portátil,0.016536662196455682
372,1763620489.9920115,0.9162322577314184,0.96,40.48046855585193,0.9998299498923184,4,100,9,13,91,0.0003262403923548879,103,computadora portátil,0.01
373,1763620490.152205,0.9121813266098355,0.96,44.69910163901537,0.9998299194092278,4,100,9,13,91,0.0003256400040876205,103,computadora portátil,0.01
374,1763620490.314307,0.9125541824814415,0.9482592366801322,40.41776575766699,0.9998298887680886,5,100,9,13,91,0.0003260095932812769,103,computadora portátil,0.01
375,1763620490.4721618,0.911492798102706,0.9546556905237653,40.89649821654115,0.9998298607115212,4,100,9,13,91,0.00032741725463121383,103,computadora portátil,0.01
376,1763620490.6313179,0.9135952924432607,0.951427736769333,48.3574539425537,0.9998298380950402,4,100,9,13,91,0.00032687264651394597,103,computadora portátil,0.01
377,1763620490.7961576,0.9112670061184734,0.9564105121419032,39.33980962364089,0.9998298154072746,4,100,9,13,91,0.0003285461631007006,103,computadora portátil,0.01
378,1763620490.95696,0.9123294220392694,0.96,43.45183829839853,0.9998297987543635,4,100,9,13,91,0.0003266977956532987,103,computadora portátil,0.01
379,1763620491.1152878,0.908273926827305,0.96,41.954145535012024,0.9998297784051212,4,100,9,13,91,0.0003267548033455633,103,computadora portátil,0.01
380,1763620491.2738175,0.9151200509688554,0.9363484326162359,44.67193658239986,0.9998297596063366,5,100,9,13,91,0.0003260163491664712,103,computadora portátil,0.01
381,1763620491.4387083,0.9156018038385415,0.96,50.32705594456404,0.9998297401658489,4,90,9,13,91,0.00032599531469400386,103,computadora portátil,0.01
382,1763620491.601561,0.9128922081262248,0.957650820838713,47.42957827796672,0.9998297220398675,4,100,9,13,91,0.00032581260211680653,103,computadora portátil,0.01
383,1763620491.7604163,0.9071599840813406,0.9462582458391811,46.168686159477794,0.9998297047709668,5,100,9,13,91,0.0003263901695154239,103,computadora portátil,0.01
384,1763620491.9247577,0.9160373730396403,0.96,44.9285939615471,0.9998296903897413,4,100,9,13,91,0.0003267203668308153,103,computadora portátil,0.01
385,1763620492.0848975,0.9125484809343801,0.96,42.410525125134356,0.999829678187764,4,100,9,13,91,0.000326847498307749,103,computadora portátil,0.01
386,1763620492.2449636,0.9182523638723562,0.9509345757828171,44.62587579632154,0.9998296675923467,4,100,9,13,91,0.00032755835241681544,103,computadora portátil,0.01
387,1763620492.4012437,0.9136692464540584,0.957491793441086,44.733138462266474,0.9998296601123221,4,100,9,13,91,0.0003253890131318328,103,computadora portátil,0.01
388,1763620492.566132,0.9118349549447022,0.96,40.51165673290331,0.9998296481444446,4,100,9,13,91,0.00032385286890231887,103,computadora portátil,0.01
389,1763620492.724539,0.9110462410587002,0.9401767691535993,40.57920647566267,0.9998296333702941,5,100,9,13,91,0.00032408369467019167,103,computadora portátil,0.01
390,1763620492.8869426,0.9114929473031772,0.8980921207135156,42.91224633791315,0.999829620476807,5,100,9,14,104,0.0003218662442615549,104,teléfono inteligente,0.01
391,1763620493.0476363,0.9098203687324312,0.891456388825522,41.31642988911784,0.9998296029823074,5,100,9,14,105,0.0003193187244652656,105,teléfono inteligente,0.01
392,1763620493.2305896,0.9120316217690982,0.9297014738872887,41.65483735736973,0.9998295800027126,5,100,9,14,105,0.0003185775959353958,106,teléfono inteligente,0.01
393,1763620493.3940263,0.9092999710812512,0.9217735551917319,42.82458430690766,0.9998295563841887,5,100,9,14,105,0.0003157120472459681,107,teléfono inteligente,0.01
394,1763620493.569957,0.9074116697244666,0.9519184182665004,46.14266156939745,0.9998295264197947,4,100,9,14,105,0.0003149613767873348,108,teléfono inteligente,0.01
395,1763620493.7365344,0.9103906781824792,0.96,40.1018358245163,0.9998294958325845,4,100,9,14,105,0.0003145465171213751,109,teléfono inteligente,0.01
396,1763620493.9059787,0.9106204021888074,0.96,40.226801201306124,0.9998294655301889,4,100,9,14,105,0.00031263547557455366,110,teléfono inteligente,0.01
397,1763620494.1405494,0.9155222283701825,0.9364558998683641,47.75923302091724,0.9998294314740104,5,100,9,14,105,0.00031130164990878157,111,teléfono inteligente,0.01
398,1763620494.3453584,0.9101957876817274,0.96,43.97108569342507,0.9998293952382371,4,100,9,14,105,0.0003110170747843851,111,teléfono inteligente,0.01
399,1763620494.5105948,0.9160709393963581,0.9178206817075913,43.859038087040155,0.9998293596753338,5,100,9,14,105,0.0003121557925682286,111,teléfono inteligente,0.01
400,1763620494.678464,0.9148088024563177,0.96,44.30792908695866,0.9998293285918336,4,100,9,14,105,0.0003098959498466666,111,teléfono inteligente,0.01
401,1763620495.2598543,0.9116438626946808,0.96,44.71115411370278,0.9998292928416085,4,100,9,14,105,0.0003116022416917109,111,teléfono inteligente,0.01
402,1763620495.4281075,0.9122852744224018,0.96,44.106683654626565,0.999829263055182,4,100,9,14,105,0.0003101440454863861,111,teléfono inteligente,0.01
403,1763620495.593695,0.9085841108311113,0.9431308182084455,43.894398535487845,0.9998292307574687,5,100,9,14,105,0.000309859940702579,111,teléfono inteligente,0.01
404,1763620495.762367,0.9095366166417596,0.9587644986756806,46.59952552633641,0.9998291990784748,4,100,9,14,105,0.0003110675975858348,111,teléfono inteligente,0.01
405,1763620495.9338522,0.9140227258717449,0.9536263276756461,45.613807279970764,0.9998291719313542,4,100,9,14,105,0.0003120886783965066,111,teléfono inteligente,0.01
406,1763620496.1023502,0.9157953780934937,0.96,48.07870206226934,0.9998291487442266,4,100,9,14,105,0.0003106792238288818,111,teléfono inteligente,0.01
407,1763620496.27495,0.9085666503891199,0.9280138726929044,45.88579157186802,0.9998291231711396,5,100,9,14,105,0.0003099644449110849,111,teléfono inteligente,0.01
408,1763620496.4440184,0.9083441162360657,0.9304165121620102,45.403765235525256,0.9998290970268708,5,100,9,14,105,0.00031212694373620087,111,teléfono inteligente,0.01
409,1763620496.609074,0.9132969697045699,0.96,43.50086161165323,0.9998290777132407,4,100,9,14,105,0.0003118808269409712,111,teléfono inteligente,0.01
410,1763620496.7830646,0.9130504848695783,0.9554978433078288,45.208214130508004,0.999829058981026,4,100,9,14,105,0.00031209803760269404,111,teléfono inteligente,0.01
411,1763620496.9569707,0.9147547209668826,0.96,49.82554896075702,0.9998290419934612,4,100,9,14,105,0.0003102127004919597,111,teléfono inteligente,0.01
412,1763620497.120451,0.9095266958256826,0.96,46.64382630937325,0.9998290214144083,4,100,9,14,105,0.00030852640765575767,111,teléfono inteligente,0.01
413,1763620497.293723,0.9127418770638175,0.96,45.682229988097546,0.9998289977559398,4,100,9,14,105,0.0003070031235479428,111,teléfono inteligente,0.01
414,1763620497.468823,0.905418747681824,0.9568253550544744,48.90046075283274,0.9998289714422173,4,100,9,14,105,0.0003085221506982614,111,teléfono inteligente,0.01
415,1763620497.6394556,0.911583975650102,0.9564450095261258,41.95499115839277,0.999828950232092,4,100,9,14,105,0.00030887874309619954,111,teléfono inteligente,0.01
416,1763620497.810833,0.9069093319345513,0.9140528930988033,39.88020341725131,0.9998289311117139,5,100,9,14,105,0.0003099415542047826,111,teléfono inteligente,0.01
417,1763620497.9807963,0.9160640171831768,0.9464674324025181,44.917009614893765,0.9998289158055941,5,100,9,14,105,0.00030980332660286497,111,teléfono inteligente,0.01
418,1763620498.163702,0.9087416569793753,0.9586754668216089,42.04864965533415,0.9998289012843279,4,100,9,14,105,0.00031069999042857016,111,teléfono inteligente,0.01
419,1763620498.3331769,0.9093525331679341,0.96,48.36462815882258,0.999828890076938,4,100,9,14,105,0.00031371848093713934,111,teléfono inteligente,0.01
420,1763620498.5010326,0.9063387886360775,0.8950685029160356,43.10222293131233,0.9998288872352237,5,100,9,15,119,0.00031328758878771583,112,reloj inteligente,0.01
421,1763620498.674419,0.9055465970198613,0.9356032879019035,40.9796191261848,0.9998288843578955,5,100,9,15,120,0.0003149345097660393,113,reloj inteligente,0.01
422,1763620498.8480527,0.904203663846975,0.924558459082381,47.88296241298633,0.9998288863646044,5,100,9,15,120,0.00031322712710020256,114,reloj inteligente,0.01
423,1763620499.0242743,0.9069749383288656,0.8871143302266463,49.3035681291736,0.9998288852877063,5,100,9,15,120,0.0003133085791933576,115,reloj inteligente,0.01
424,1763620499.1923459,0.910063693369861,0.957303002602406,40.463981535770905,0.9998288853644265,4,100,9,15,120,0.0003123804741101186,116,reloj inteligente,0.01
425,1763620499.3666086,0.9057712404718608,0.9519569590331456,42.20004211296679,0.9998288842067999,4,100,9,15,120,0.00031141354254884826,117,reloj inteligente,0.01
426,1763620499.5435302,0.9064801837139971,0.9119327124577388,43.478380044630526,0.9998288817288927,5,100,9,15,120,0.0003101235683424271,118,reloj inteligente,0.01
427,1763620499.7230158,0.9084220121389842,0.96,46.42783136865474,0.9998288771733818,4,100,9,15,120,0.0003105212843853532,119,reloj inteligente,0.01
428,1763620499.893713,0.9068723650304217,0.9527483444222838,43.31097260921839,0.9998288745294573,4,100,9,15,120,0.0003111596241382328,119,reloj inteligente,0.01
429,1763620500.0988615,0.9050987522162717,0.96,45.853387427124844,0.9998288743290528,4,100,9,15,120,0.0003080224497252823,119,reloj inteligente,0.01
430,1763620500.2770138,0.9117219893930392,0.9422346133552276,45.373477224108235,0.9998288677178423,5,100,9,15,120,0.00031104232617336716,119,reloj inteligente,0.01
431,1763620500.4571257,0.9064422419723815,0.9360198064661348,48.212649936974614,0.9998288691220726,5,100,9,15,120,0.00031149089410710746,119,reloj inteligente,0.01
432,1763620500.6309595,0.9094149762214153,0.9573035413795176,42.95066725458949,0.9998288724595721,4,100,9,15,120,0.00031115965490399126,119,reloj inteligente,0.01
433,1763620500.8049648,0.9056258718314862,0.9454934985883624,48.752264185506334,0.9998288759225769,5,100,9,15,120,0.00031307966391803645,119,reloj inteligente,0.01
434,1763620500.9833097,0.9052600154271415,0.96,48.251267223614036,0.9998288846060793,4,100,9,15,120,0.0003156629351168591,119,reloj inteligente,0.01
435,1763620501.1656718,0.9103312368542494,0.96,44.59522938152796,0.9998288998548226,4,100,9,15,120,0.00031500318137759367,119,reloj inteligente,0.01
436,1763620501.3457744,0.9059759558562717,0.96,46.42890267583545,0.9998289144143127,4,100,9,15,120,0.00031212801788321894,119,reloj inteligente,0.01
437,1763620501.523318,0.9036348052760973,0.9501811248865341,40.11563627823158,0.9998289233751563,4,100,9,15,120,0.0003159516595206901,119,reloj inteligente,0.01
438,1763620501.6993663,0.9058072191610881,0.9520648541487661,39.71967353882344,0.9998289415457837,4,100,9,15,120,0.00031215199750365697,119,reloj inteligente,0.01
439,1763620501.8827863,0.9070131109795603,0.96,48.402762182809035,0.9998289521314688,4,100,9,15,120,0.0003126913126477046,119,reloj inteligente,0.01
440,1763620502.0618224,0.910300445014919,0.96,45.16904671443082,0.9998289646909093,4,100,9,15,120,0.0003158321571728604,119,reloj inteligente,0.01
441,1763620502.2405264,0.9044865913456532,0.96,45.228173149710905,0.999828984815261,4,100,9,15,120,0.0003137802052910933,119,reloj inteligente,0.01
442,1763620502.4148393,0.9060234599765189,0.9548129501624816,46.26707891979523,0.9998290012282998,4,100,9,15,120,0.00031196697914918193,119,reloj inteligente,0.01
443,1763620502.5911067,0.903023514464917,0.9105515101526228,44.40895111664785,0.9998290144429713,5,100,9,15,120,0.00030993266958422933,119,reloj inteligente,0.01
444,1763620502.7640026,0.9066395995160557,0.96,44.81356928137536,0.9998290239736406,4,100,9,15,120,0.00030954949561173015,119,reloj inteligente,0.01
445,1763620502.9364204,0.9080658998304664,0.9446093102185688,44.299075603622896,0.9998290334452438,5,100,9,15,120,0.00030668852881667394,119,reloj inteligente,0.01
446,1763620503.1300406,0.9069764781806929,0.9547712944137654,43.81719134218014,0.9998290374064741,4,100,9,15,120,0.0003076660250317235,119,reloj inteligente,0.01
447,1763620503.3030493,0.9075132457798781,0.96,44.60533992191597,0.9998290443378945,4,100,9,15,120,0.00030732113950199,119,reloj inteligente,0.01
448,1763620503.473867,0.905744287250549,0.9516285904667697,43.15528219929056,0.9998290513057136,4,100,9,15,120,0.00030667566288085016,119,reloj inteligente,0.01
449,1763620503.652388,0.9073062576098353,0.9230025965318097,42.08566338748449,0.9998290576510087,5,100,9,15,120,0.0003067444952328524,119,reloj inteligente,0.01
450,1763620503.830022,0.9171280465141778,0.8976005525467279,44.70912065974707,0.9998290649341258,5,100,9,16,135,0.000305683243808253,120,auriculares inalámbricos,0.01
451,1763620504.536035,0.9152509784970827,0.913011148300784,47.104888129816544,0.9998290706868176,5,100,9,16,136,0.00030553961260632327,121,auriculares inalámbricos,0.01
452,1763620504.717595,0.9138937860199013,0.9310591351810964,44.83269137140626,0.9998290769135161,5,100,9,16,136,0.0003045757808766805,122,auriculares inalámbricos,0.01
453,1763620504.8939118,0.9146748579407987,0.9012822971835582,46.426575396852705,0.9998290818275692,5,100,9,16,136,0.00030407009967617983,123,auriculares inalámbricos,0.01
454,1763620505.0854948,0.9143143634757055,0.96,45.697576206777555,0.9998290864307465,4,100,9,16,136,0.0003009940545895395,124,auriculares inalámbricos,0.01
455,1763620505.3805542,0.9167017569254426,0.96,43.964613536510285,0.9998290851051297,4,100,9,16,136,0.0003011445803091821,125,auriculares inalámbricos,0.01
456,1763620505.63179,0.9147545427582,0.9545853738941472,41.73101852603156,0.9998290849428524,4,100,9,16,136,0.0003018681733805317,126,auriculares inalámbricos,0.01
457,1763620505.8780484,0.9142818993065499,0.96,43.67655953783568,0.9998290871751899,4,100,9,16,136,0.00030184565126557366,127,auriculares inalámbricos,0.01
458,1763620506.105174,0.9169218745513633,0.96,48.201722881498675,0.9998290901540535,4,100,9,16,136,0.0003008574370480353,127,auriculares inalámbricos,0.01
459,1763620506.2899222,0.9118616699413202,0.96,44.96931116070958,0.9998290917838843,4,100,9,16,136,0.00030041963022976785,127,auriculares inalámbricos,0.01
460,1763620506.539876,0.9187639505860034,0.9197438736698967,43.592159760419754,0.9998290932617546,5,100,9,16,136,0.0002975315455729327,127,auriculares inalámbricos,0.01
461,1763620506.7418404,0.9152238829525677,0.9572922581592952,49.804546422036495,0.999829089260668,4,100,9,16,136,0.0002956061448683132,127,auriculares inalámbricos,0.01
462,1763620506.9352634,0.9124218783824913,0.96,48.312420445306465,0.9998290818744662,4,100,9,16,136,0.0002965287123737042,127,auriculares inalámbricos,0.01
463,1763620507.1259787,0.914358324357071,0.959650894080746,40.70453748613465,0.9998290773685891,4,100,9,16,136,0.00029357372660292127,127,auriculares inalámbricos,0.01
464,1763620507.3169658,0.9126042232173136,0.9572791325371157,43.57618176269671,0.9998290672181125,4,100,9,16,136,0.0002931250866184276,127,auriculares inalámbricos,0.01
465,1763620507.5001552,0.9114777915496242,0.96,49.84996065940827,0.9998290569570475,4,100,9,16,136,0.0002905947897204547,127,auriculares inalámbricos,0.01
466,1763620507.687178,0.9122308320922933,0.9432058334248242,47.67217418461371,0.9998290419726473,5,100,9,16,136,0.00029057190098434745,127,auriculares inalámbricos,0.01
467,1763620507.8779824,0.9176930404131772,0.96,47.34015458428542,0.9998290278505173,4,100,9,16,136,0.0002905025042432311,127,auriculares inalámbricos,0.01
468,1763620508.066018,0.912172558143817,0.9591116557311353,44.36460039801004,0.9998290144770384,4,100,9,16,136,0.0002931833107760977,127,auriculares inalámbricos,0.01
469,1763620508.2563272,0.9164199739265598,0.9224963110657293,44.84279170084268,0.9998290078507202,5,100,9,16,136,0.0002952827689778197,127,auriculares inalámbricos,0.01
470,1763620508.448454,0.9110619365086122,0.96,40.47872436037689,0.9998290065585661,4,100,9,16,136,0.0002943348517322145,127,auriculares inalámbricos,0.01
471,1763620508.6299977,0.9130822968833008,0.96,50.40178375606135,0.9998290040299205,4,90,9,16,136,0.0002942931093491539,127,auriculares inalámbricos,0.01
472,1763620508.825422,0.9127465703807932,0.9578312896754287,50.298500745464466,0.9998290022013498,4,90,9,16,136,0.0002939171701458857,127,auriculares inalámbricos,0.01
473,1763620509.0111773,0.9174840746234839,0.9433967262960501,44.032388705196915,0.9998290003555502,5,100,9,16,136,0.00029559094386319396,127,auriculares inalámbricos,0.01
474,1763620509.190205,0.9157316698552315,0.9576170172514666,43.37744877210507,0.9998290028057224,4,100,9,16,136,0.0002969359368645837,127,auriculares inalámbricos,0.01
475,1763620509.3792005,0.9169796872464021,0.96,42.10801503169688,0.9998290087845361,4,100,9,16,136,0.00029695629091847726,127,auriculares inalámbricos,0.01
476,1763620509.561965,0.9155814484878503,0.9387704669685825,40.34937836198809,0.9998290155098913,5,100,9,16,136,0.00029559058317389083,127,auriculares inalámbricos,0.01
477,1763620509.7510808,0.9136815910395439,0.9210976779280412,47.13576122511004,0.9998290201197984,5,100,9,16,136,0.0002954629281331938,127,auriculares inalámbricos,0.01
478,1763620509.935506,0.9154154550806064,0.9268157952926501,44.011552028297274,0.9998290251767487,5,100,9,16,136,0.00029570177110331336,127,auriculares inalámbricos,0.01
479,1763620510.1223936,0.9119315065102932,0.96,42.915380255215595,0.9998290314262863,4,100,9,16,136,0.00029726158121561085,127,auriculares inalámbricos,0.01
480,1763620510.3084514,0.912417914804252,0.9389000123371974,47.09331342140391,0.9998290415326474,5,100,9,16,136,0.0002970565119962134,127,gato doméstico,0.01
481,1763620510.5006018,0.9104743170768894,0.96,46.310174258124164,0.9998290518816367,4,100,9,16,136,0.00029667966811916605,127,gato doméstico,0.01
482,1763620510.686645,0.9089602459901608,0.9431188035978587,46.94228353313882,0.9998290621242208,5,100,9,16,136,0.00029572426918765175,127,gato doméstico,0.01
483,1763620510.877601,0.9126838576736516,0.955103315043107,48.31803853258997,0.9998290710962229,4,100,9,16,136,0.0002955897022327418,127,gato doméstico,0.01
484,1763620511.067796,0.9094176826522847,0.9405412123694168,46.29409032307058,0.9998290804541805,5,100,9,16,136,0.0002931594881753312,127,gato doméstico,0.01
485,1763620511.2567952,0.9150249982873838,0.96,48.114495006813385,0.9998290855667447,4,100,9,16,136,0.00029699943300149457,127,gato doméstico,0.01
486,1763620511.4522448,0.9151575088872765,0.956998493080969,44.16557061110779,0.9998290990320632,4,100,9,16,136,0.0002979059818912073,127,gato doméstico,0.01
487,1763620511.642294,0.9145541598682242,0.96,42.182080735184826,0.9998291148866253,4,100,9,16,136,0.0002991655397508875,127,gato doméstico,0.01
488,1763620511.8272805,0.9096136989440858,0.96,51.14944778152202,0.999829133774729,4,90,9,16,136,0.0002979973431326866,127,gato doméstico,0.01
489,1763620512.0198653,0.9111350324831378,0.930983334311262,41.428794757579944,0.9998291509678805,5,100,9,16,136,0.00029805596364986995,127,gato doméstico,0.01
490,1763620512.2070534,0.9120674851687948,0.96,46.38812072877374,0.9998291688474124,4,100,9,16,136,0.00029945821920565054,127,gato doméstico,0.01
491,1763620512.3960483,0.9089466427719559,0.9253335637198258,48.51574178599528,0.999829189977195,5,100,9,16,136,0.00029576064036252207,127,gato doméstico,0.01
492,1763620512.5773056,0.9096261502347223,0.96,41.219291488781366,0.999829204540687,4,100,9,16,136,0.0002959039593675781,127,gato doméstico,0.01
493,1763620512.7654316,0.9145844068598258,0.9469486333425683,47.512310489081415,0.9998292199673748,5,100,9,16,136,0.0002936431810102723,127,gato doméstico,0.01
494,1763620512.9568923,0.9118427177243739,0.96,49.754216751323675,0.9998292315864195,4,100,9,16,136,0.0002926336487659554,127,gato doméstico,0.01
495,1763620513.14568,0.9156613889340726,0.9564776404394838,42.55764529842315,0.999829241840068,4,100,9,16,136,0.0002921757645046024,127,gato doméstico,0.01
496,1763620513.3255239,0.91359102967008,0.96,45.16183099089688,0.999829251812198,4,100,9,16,136,0.0002936681578502684,127,gato doméstico,0.01
497,1763620513.5110543,0.9084415283510384,0.96,45.23067625068357,0.9998292652880008,4,100,9,16,136,0.0002942901057388564,127,gato doméstico,0.01
498,1763620513.6933038,0.9090425474914601,0.9565725529950764,44.17753063281443,0.9998292805380116,4,100,9,16,136,0.000292380013147164,127,gato doméstico,0.01
499,1763620513.87416,0.9122610135809182,0.9448283480885996,47.15391473380591,0.9998292926895892,5,100,9,16,136,0.0002921877381214968,127,gato doméstico,0.01
